

Microchip MPLAB XC8 Assembler V3.10 build 20250813170317 
                                                                                               Sun Feb 15 13:57:47 2026

Microchip MPLAB XC8 C Compiler v3.10 (Free license) build 20250813170317 Og1 
     1                           	processor	16F18855
     2                           	pagewidth 120
     3                           	opt	flic
     4                           	psect	cinit,global,class=CODE,space=0,merge=1,delta=2
     5                           	psect	bssCOMMON,global,class=COMMON,space=1,delta=1,noexec
     6                           	psect	cstackCOMMON,global,class=COMMON,space=1,delta=1,noexec
     7                           	psect	maintext,global,class=CODE,space=0,merge=1,split=1,delta=2
     8                           	psect	text1,local,class=CODE,space=0,merge=1,delta=2
     9                           	psect	text2,local,class=CODE,space=0,merge=1,delta=2
    10                           	psect	intentry,global,class=CODE,space=0,delta=2
    11                           	psect	config,global,abs,ovrld,class=CONFIG,space=4,delta=2,noexec
    12                           	dabs	1,0x7E,2
    13     0000                     
    14                           ; Generated 21/06/2023 GMT
    15                           ; 
    16                           ; Copyright © 2023, Microchip Technology Inc. and its subsidiaries ("Microchip")
    17                           ; All rights reserved.
    18                           ; 
    19                           ; This software is developed by Microchip Technology Inc. and its subsidiaries ("Microch
      +                          ip").
    20                           ; 
    21                           ; Redistribution and use in source and binary forms, with or without modification, are
    22                           ; permitted provided that the following conditions are met:
    23                           ; 
    24                           ;     1. Redistributions of source code must retain the above copyright notice, this lis
      +                          t of
    25                           ;        conditions and the following disclaimer.
    26                           ; 
    27                           ;     2. Redistributions in binary form must reproduce the above copyright notice, this 
      +                          list
    28                           ;        of conditions and the following disclaimer in the documentation and/or other
    29                           ;        materials provided with the distribution. Publication is not required when
    30                           ;        this file is used in an embedded application.
    31                           ; 
    32                           ;     3. Microchip's name may not be used to endorse or promote products derived from th
      +                          is
    33                           ;        software without specific prior written permission.
    34                           ; 
    35                           ; THIS SOFTWARE IS PROVIDED BY MICROCHIP "AS IS" AND ANY EXPRESS OR IMPLIED WARRANTIES,
    36                           ; INCLUDING, BUT NOT LIMITED TO, THE IMPLIED WARRANTIES OF MERCHANTABILITY AND FITNESS F
      +                          OR
    37                           ; PURPOSE ARE DISCLAIMED.  IN NO EVENT SHALL MICROCHIP BE LIABLE FOR ANY DIRECT, INDIREC
      +                          T,
    38                           ; INCIDENTAL, SPECIAL, EXEMPLARY, OR CONSEQUENTIAL DAMAGES (INCLUDING BUT NOT LIMITED TO
    39                           ; PROCUREMENT OF SUBSTITUTE GOODS OR SERVICES; LOSS OF USE, DATA OR PROFITS; OR BUSINESS
    40                           ; INTERRUPTION) HOWSOEVER CAUSED AND ON ANY THEORY OF LIABILITY, WHETHER IN CONTRACT, ST
      +                          RICT
    41                           ; LIABILITY, OR TORT (INCLUDING NEGLIGENCE OR OTHERWISE) ARISING IN ANY WAY OUT OF THE U
      +                          SE OF
    42                           ; THIS SOFTWARE, EVEN IF ADVISED OF THE POSSIBILITY OF SUCH DAMAGE.
    43                           ; 
    44                           ; 
    45                           ; Code-generator required, PIC16F18855 Definitions
    46                           ; 
    47                           ; SFR Addresses
    48     0008                     bsr             equ	8
    49     0005                     fsr0h           equ	5
    50     0004                     fsr0l           equ	4
    51     0007                     fsr1h           equ	7
    52     0006                     fsr1l           equ	6
    53     0000                     indf            equ	0
    54     0000                     indf0           equ	0
    55     0001                     indf1           equ	1
    56     000B                     intcon          equ	11
    57     0002                     pc              equ	2
    58     0002                     pcl             equ	2
    59     000A                     pclath          equ	10
    60     0003                     status          equ	3
    61     0009                     wreg            equ	9
    62     0000                     INDF0           equ	0	;# 
    63     0001                     INDF1           equ	1	;# 
    64     0002                     PCL             equ	2	;# 
    65     0003                     STATUS          equ	3	;# 
    66     0004                     FSR0L           equ	4	;# 
    67     0005                     FSR0H           equ	5	;# 
    68     0006                     FSR1L           equ	6	;# 
    69     0007                     FSR1H           equ	7	;# 
    70     0008                     BSR             equ	8	;# 
    71     0009                     WREG            equ	9	;# 
    72     000A                     PCLATH          equ	10	;# 
    73     000B                     INTCON          equ	11	;# 
    74     000C                     PORTA           equ	12	;# 
    75     000D                     PORTB           equ	13	;# 
    76     000E                     PORTC           equ	14	;# 
    77     0010                     PORTE           equ	16	;# 
    78     0011                     TRISA           equ	17	;# 
    79     0012                     TRISB           equ	18	;# 
    80     0013                     TRISC           equ	19	;# 
    81     0016                     LATA            equ	22	;# 
    82     0017                     LATB            equ	23	;# 
    83     0018                     LATC            equ	24	;# 
    84     001C                     TMR0L           equ	28	;# 
    85     001C                     TMR0            equ	28	;# 
    86     001D                     TMR0H           equ	29	;# 
    87     001D                     PR0             equ	29	;# 
    88     001E                     T0CON0          equ	30	;# 
    89     001F                     T0CON1          equ	31	;# 
    90     008C                     ADRES           equ	140	;# 
    91     008C                     ADRESL          equ	140	;# 
    92     008D                     ADRESH          equ	141	;# 
    93     008E                     ADPREV          equ	142	;# 
    94     008E                     ADPREVL         equ	142	;# 
    95     008F                     ADPREVH         equ	143	;# 
    96     0090                     ADACC           equ	144	;# 
    97     0090                     ADACCL          equ	144	;# 
    98     0091                     ADACCH          equ	145	;# 
    99     0093                     ADCON0          equ	147	;# 
   100     0094                     ADCON1          equ	148	;# 
   101     0095                     ADCON2          equ	149	;# 
   102     0096                     ADCON3          equ	150	;# 
   103     0097                     ADSTAT          equ	151	;# 
   104     0098                     ADCLK           equ	152	;# 
   105     0099                     ADACT           equ	153	;# 
   106     009A                     ADREF           equ	154	;# 
   107     009B                     ADCAP           equ	155	;# 
   108     009C                     ADPRE           equ	156	;# 
   109     009D                     ADACQ           equ	157	;# 
   110     009E                     ADPCH           equ	158	;# 
   111     010C                     ADCNT           equ	268	;# 
   112     010D                     ADRPT           equ	269	;# 
   113     010E                     ADLTH           equ	270	;# 
   114     010E                     ADLTHL          equ	270	;# 
   115     010F                     ADLTHH          equ	271	;# 
   116     0110                     ADUTH           equ	272	;# 
   117     0110                     ADUTHL          equ	272	;# 
   118     0111                     ADUTHH          equ	273	;# 
   119     0112                     ADSTPT          equ	274	;# 
   120     0112                     ADSTPTL         equ	274	;# 
   121     0113                     ADSTPTH         equ	275	;# 
   122     0114                     ADFLTR          equ	276	;# 
   123     0114                     ADFLTRL         equ	276	;# 
   124     0115                     ADFLTRH         equ	277	;# 
   125     0116                     ADERR           equ	278	;# 
   126     0116                     ADERRL          equ	278	;# 
   127     0117                     ADERRH          equ	279	;# 
   128     0119                     RC1REG          equ	281	;# 
   129     0119                     RCREG           equ	281	;# 
   130     0119                     RCREG1          equ	281	;# 
   131     011A                     TX1REG          equ	282	;# 
   132     011A                     TXREG1          equ	282	;# 
   133     011A                     TXREG           equ	282	;# 
   134     011B                     SP1BRG          equ	283	;# 
   135     011B                     SP1BRGL         equ	283	;# 
   136     011B                     SPBRG           equ	283	;# 
   137     011B                     SPBRG1          equ	283	;# 
   138     011B                     SPBRGL          equ	283	;# 
   139     011C                     SP1BRGH         equ	284	;# 
   140     011C                     SPBRGH          equ	284	;# 
   141     011C                     SPBRGH1         equ	284	;# 
   142     011D                     RC1STA          equ	285	;# 
   143     011D                     RCSTA1          equ	285	;# 
   144     011D                     RCSTA           equ	285	;# 
   145     011E                     TX1STA          equ	286	;# 
   146     011E                     TXSTA1          equ	286	;# 
   147     011E                     TXSTA           equ	286	;# 
   148     011F                     BAUD1CON        equ	287	;# 
   149     011F                     BAUDCON1        equ	287	;# 
   150     011F                     BAUDCTL1        equ	287	;# 
   151     011F                     BAUDCON         equ	287	;# 
   152     011F                     BAUDCTL         equ	287	;# 
   153     018C                     SSP1BUF         equ	396	;# 
   154     018D                     SSP1ADD         equ	397	;# 
   155     018E                     SSP1MSK         equ	398	;# 
   156     018F                     SSP1STAT        equ	399	;# 
   157     0190                     SSP1CON1        equ	400	;# 
   158     0191                     SSP1CON2        equ	401	;# 
   159     0192                     SSP1CON3        equ	402	;# 
   160     0196                     SSP2BUF         equ	406	;# 
   161     0197                     SSP2ADD         equ	407	;# 
   162     0198                     SSP2MSK         equ	408	;# 
   163     0199                     SSP2STAT        equ	409	;# 
   164     019A                     SSP2CON1        equ	410	;# 
   165     019B                     SSP2CON2        equ	411	;# 
   166     019C                     SSP2CON3        equ	412	;# 
   167     020C                     TMR1            equ	524	;# 
   168     020C                     TMR1L           equ	524	;# 
   169     020D                     TMR1H           equ	525	;# 
   170     020E                     T1CON           equ	526	;# 
   171     020F                     T1GCON          equ	527	;# 
   172     020F                     PR1             equ	527	;# 
   173     0210                     T1GATE          equ	528	;# 
   174     0210                     TMR1GATE        equ	528	;# 
   175     0211                     T1CLK           equ	529	;# 
   176     0211                     TMR1CLK         equ	529	;# 
   177     0212                     TMR3            equ	530	;# 
   178     0212                     TMR3L           equ	530	;# 
   179     0213                     TMR3H           equ	531	;# 
   180     0214                     T3CON           equ	532	;# 
   181     0215                     T3GCON          equ	533	;# 
   182     0215                     PR3             equ	533	;# 
   183     0216                     T3GATE          equ	534	;# 
   184     0216                     TMR3GATE        equ	534	;# 
   185     0217                     T3CLK           equ	535	;# 
   186     0217                     TMR3CLK         equ	535	;# 
   187     0218                     TMR5            equ	536	;# 
   188     0218                     TMR5L           equ	536	;# 
   189     0219                     TMR5H           equ	537	;# 
   190     021A                     T5CON           equ	538	;# 
   191     021B                     T5GCON          equ	539	;# 
   192     021B                     PR5             equ	539	;# 
   193     021C                     T5GATE          equ	540	;# 
   194     021C                     TMR5GATE        equ	540	;# 
   195     021D                     T5CLK           equ	541	;# 
   196     021D                     TMR5CLK         equ	541	;# 
   197     021E                     CCPTMRS0        equ	542	;# 
   198     021F                     CCPTMRS1        equ	543	;# 
   199     028C                     T2TMR           equ	652	;# 
   200     028C                     TMR2            equ	652	;# 
   201     028D                     T2PR            equ	653	;# 
   202     028D                     PR2             equ	653	;# 
   203     028E                     T2CON           equ	654	;# 
   204     028F                     T2HLT           equ	655	;# 
   205     0290                     T2CLKCON        equ	656	;# 
   206     0290                     T2CLK           equ	656	;# 
   207     0291                     T2RST           equ	657	;# 
   208     0292                     T4TMR           equ	658	;# 
   209     0292                     TMR4            equ	658	;# 
   210     0293                     T4PR            equ	659	;# 
   211     0293                     PR4             equ	659	;# 
   212     0294                     T4CON           equ	660	;# 
   213     0295                     T4HLT           equ	661	;# 
   214     0296                     T4CLKCON        equ	662	;# 
   215     0296                     T4CLK           equ	662	;# 
   216     0297                     T4RST           equ	663	;# 
   217     0298                     T6TMR           equ	664	;# 
   218     0298                     TMR6            equ	664	;# 
   219     0299                     T6PR            equ	665	;# 
   220     0299                     PR6             equ	665	;# 
   221     029A                     T6CON           equ	666	;# 
   222     029B                     T6HLT           equ	667	;# 
   223     029C                     T6CLKCON        equ	668	;# 
   224     029C                     T6CLK           equ	668	;# 
   225     029D                     T6RST           equ	669	;# 
   226     030C                     CCPR1           equ	780	;# 
   227     030C                     CCPR1L          equ	780	;# 
   228     030D                     CCPR1H          equ	781	;# 
   229     030E                     CCP1CON         equ	782	;# 
   230     030F                     CCP1CAP         equ	783	;# 
   231     0310                     CCPR2           equ	784	;# 
   232     0310                     CCPR2L          equ	784	;# 
   233     0311                     CCPR2H          equ	785	;# 
   234     0312                     CCP2CON         equ	786	;# 
   235     0313                     CCP2CAP         equ	787	;# 
   236     0314                     CCPR3           equ	788	;# 
   237     0314                     CCPR3L          equ	788	;# 
   238     0315                     CCPR3H          equ	789	;# 
   239     0316                     CCP3CON         equ	790	;# 
   240     0317                     CCP3CAP         equ	791	;# 
   241     0318                     CCPR4           equ	792	;# 
   242     0318                     CCPR4L          equ	792	;# 
   243     0319                     CCPR4H          equ	793	;# 
   244     031A                     CCP4CON         equ	794	;# 
   245     031B                     CCP4CAP         equ	795	;# 
   246     031C                     CCPR5           equ	796	;# 
   247     031C                     CCPR5L          equ	796	;# 
   248     031D                     CCPR5H          equ	797	;# 
   249     031E                     CCP5CON         equ	798	;# 
   250     031F                     CCP5CAP         equ	799	;# 
   251     038C                     PWM6DC          equ	908	;# 
   252     038C                     PWM6DCL         equ	908	;# 
   253     038D                     PWM6DCH         equ	909	;# 
   254     038E                     PWM6CON         equ	910	;# 
   255     0390                     PWM7DC          equ	912	;# 
   256     0390                     PWM7DCL         equ	912	;# 
   257     0391                     PWM7DCH         equ	913	;# 
   258     0392                     PWM7CON         equ	914	;# 
   259     040C                     SCANLADRL       equ	1036	;# 
   260     040D                     SCANLADRH       equ	1037	;# 
   261     040E                     SCANHADRL       equ	1038	;# 
   262     040F                     SCANHADRH       equ	1039	;# 
   263     0410                     SCANCON0        equ	1040	;# 
   264     0411                     SCANTRIG        equ	1041	;# 
   265     0416                     CRCDATA         equ	1046	;# 
   266     0416                     CRCDATL         equ	1046	;# 
   267     0417                     CRCDATH         equ	1047	;# 
   268     0418                     CRCACC          equ	1048	;# 
   269     0418                     CRCACCL         equ	1048	;# 
   270     0419                     CRCACCH         equ	1049	;# 
   271     041A                     CRCSHFT         equ	1050	;# 
   272     041A                     CRCSHIFTL       equ	1050	;# 
   273     041B                     CRCSHIFTH       equ	1051	;# 
   274     041C                     CRCXOR          equ	1052	;# 
   275     041C                     CRCXORL         equ	1052	;# 
   276     041D                     CRCXORH         equ	1053	;# 
   277     041E                     CRCCON0         equ	1054	;# 
   278     041F                     CRCCON1         equ	1055	;# 
   279     048C                     SMT1TMR         equ	1164	;# 
   280     048C                     SMT1TMRL        equ	1164	;# 
   281     048D                     SMT1TMRH        equ	1165	;# 
   282     048E                     SMT1TMRU        equ	1166	;# 
   283     048F                     SMT1CPR         equ	1167	;# 
   284     048F                     SMT1CPRL        equ	1167	;# 
   285     0490                     SMT1CPRH        equ	1168	;# 
   286     0491                     SMT1CPRU        equ	1169	;# 
   287     0492                     SMT1CPW         equ	1170	;# 
   288     0492                     SMT1CPWL        equ	1170	;# 
   289     0493                     SMT1CPWH        equ	1171	;# 
   290     0494                     SMT1CPWU        equ	1172	;# 
   291     0495                     SMT1PR          equ	1173	;# 
   292     0495                     SMT1PRL         equ	1173	;# 
   293     0496                     SMT1PRH         equ	1174	;# 
   294     0497                     SMT1PRU         equ	1175	;# 
   295     0498                     SMT1CON0        equ	1176	;# 
   296     0499                     SMT1CON1        equ	1177	;# 
   297     049A                     SMT1STAT        equ	1178	;# 
   298     049B                     SMT1CLK         equ	1179	;# 
   299     049C                     SMT1SIG         equ	1180	;# 
   300     049D                     SMT1WIN         equ	1181	;# 
   301     050C                     SMT2TMR         equ	1292	;# 
   302     050C                     SMT2TMRL        equ	1292	;# 
   303     050D                     SMT2TMRH        equ	1293	;# 
   304     050E                     SMT2TMRU        equ	1294	;# 
   305     050F                     SMT2CPR         equ	1295	;# 
   306     050F                     SMT2CPRL        equ	1295	;# 
   307     0510                     SMT2CPRH        equ	1296	;# 
   308     0511                     SMT2CPRU        equ	1297	;# 
   309     0512                     SMT2CPW         equ	1298	;# 
   310     0512                     SMT2CPWL        equ	1298	;# 
   311     0513                     SMT2CPWH        equ	1299	;# 
   312     0514                     SMT2CPWU        equ	1300	;# 
   313     0515                     SMT2PR          equ	1301	;# 
   314     0515                     SMT2PRL         equ	1301	;# 
   315     0516                     SMT2PRH         equ	1302	;# 
   316     0517                     SMT2PRU         equ	1303	;# 
   317     0518                     SMT2CON0        equ	1304	;# 
   318     0519                     SMT2CON1        equ	1305	;# 
   319     051A                     SMT2STAT        equ	1306	;# 
   320     051B                     SMT2CLK         equ	1307	;# 
   321     051C                     SMT2SIG         equ	1308	;# 
   322     051D                     SMT2WIN         equ	1309	;# 
   323     058C                     NCO1ACC         equ	1420	;# 
   324     058C                     NCO1ACCL        equ	1420	;# 
   325     058D                     NCO1ACCH        equ	1421	;# 
   326     058E                     NCO1ACCU        equ	1422	;# 
   327     058F                     NCO1INC         equ	1423	;# 
   328     058F                     NCO1INCL        equ	1423	;# 
   329     0590                     NCO1INCH        equ	1424	;# 
   330     0591                     NCO1INCU        equ	1425	;# 
   331     0592                     NCO1CON         equ	1426	;# 
   332     0593                     NCO1CLK         equ	1427	;# 
   333     060C                     CWG1CLKCON      equ	1548	;# 
   334     060D                     CWG1ISM         equ	1549	;# 
   335     060E                     CWG1DBR         equ	1550	;# 
   336     060F                     CWG1DBF         equ	1551	;# 
   337     0610                     CWG1CON0        equ	1552	;# 
   338     0611                     CWG1CON1        equ	1553	;# 
   339     0612                     CWG1AS0         equ	1554	;# 
   340     0613                     CWG1AS1         equ	1555	;# 
   341     0614                     CWG1STR         equ	1556	;# 
   342     0616                     CWG2CLKCON      equ	1558	;# 
   343     0617                     CWG2ISM         equ	1559	;# 
   344     0618                     CWG2DBR         equ	1560	;# 
   345     0619                     CWG2DBF         equ	1561	;# 
   346     061A                     CWG2CON0        equ	1562	;# 
   347     061B                     CWG2CON1        equ	1563	;# 
   348     061C                     CWG2AS0         equ	1564	;# 
   349     061D                     CWG2AS1         equ	1565	;# 
   350     061E                     CWG2STR         equ	1566	;# 
   351     068C                     CWG3CLKCON      equ	1676	;# 
   352     068D                     CWG3ISM         equ	1677	;# 
   353     068E                     CWG3DBR         equ	1678	;# 
   354     068F                     CWG3DBF         equ	1679	;# 
   355     0690                     CWG3CON0        equ	1680	;# 
   356     0691                     CWG3CON1        equ	1681	;# 
   357     0692                     CWG3AS0         equ	1682	;# 
   358     0693                     CWG3AS1         equ	1683	;# 
   359     0694                     CWG3STR         equ	1684	;# 
   360     070C                     PIR0            equ	1804	;# 
   361     070D                     PIR1            equ	1805	;# 
   362     070E                     PIR2            equ	1806	;# 
   363     070F                     PIR3            equ	1807	;# 
   364     0710                     PIR4            equ	1808	;# 
   365     0711                     PIR5            equ	1809	;# 
   366     0712                     PIR6            equ	1810	;# 
   367     0713                     PIR7            equ	1811	;# 
   368     0714                     PIR8            equ	1812	;# 
   369     0716                     PIE0            equ	1814	;# 
   370     0717                     PIE1            equ	1815	;# 
   371     0718                     PIE2            equ	1816	;# 
   372     0719                     PIE3            equ	1817	;# 
   373     071A                     PIE4            equ	1818	;# 
   374     071B                     PIE5            equ	1819	;# 
   375     071C                     PIE6            equ	1820	;# 
   376     071D                     PIE7            equ	1821	;# 
   377     071E                     PIE8            equ	1822	;# 
   378     0796                     PMD0            equ	1942	;# 
   379     0797                     PMD1            equ	1943	;# 
   380     0798                     PMD2            equ	1944	;# 
   381     0799                     PMD3            equ	1945	;# 
   382     079A                     PMD4            equ	1946	;# 
   383     079B                     PMD5            equ	1947	;# 
   384     080C                     WDTCON0         equ	2060	;# 
   385     080D                     WDTCON1         equ	2061	;# 
   386     080E                     WDTPSL          equ	2062	;# 
   387     080F                     WDTPSH          equ	2063	;# 
   388     0810                     WDTTMR          equ	2064	;# 
   389     0811                     BORCON          equ	2065	;# 
   390     0812                     VREGCON         equ	2066	;# 
   391     0813                     PCON0           equ	2067	;# 
   392     0814                     CCDCON          equ	2068	;# 
   393     081A                     NVMADRL         equ	2074	;# 
   394     081B                     NVMADRH         equ	2075	;# 
   395     081C                     NVMDATL         equ	2076	;# 
   396     081D                     NVMDATH         equ	2077	;# 
   397     081E                     NVMCON1         equ	2078	;# 
   398     081F                     NVMCON2         equ	2079	;# 
   399     088C                     CPUDOZE         equ	2188	;# 
   400     088D                     OSCCON1         equ	2189	;# 
   401     088E                     OSCCON2         equ	2190	;# 
   402     088F                     OSCCON3         equ	2191	;# 
   403     0890                     OSCSTAT         equ	2192	;# 
   404     0891                     OSCEN           equ	2193	;# 
   405     0892                     OSCTUNE         equ	2194	;# 
   406     0893                     OSCFRQ          equ	2195	;# 
   407     0895                     CLKRCON         equ	2197	;# 
   408     0896                     CLKRCLK         equ	2198	;# 
   409     0897                     MDCON0          equ	2199	;# 
   410     0898                     MDCON1          equ	2200	;# 
   411     0899                     MDSRC           equ	2201	;# 
   412     089A                     MDCARL          equ	2202	;# 
   413     089B                     MDCARH          equ	2203	;# 
   414     090C                     FVRCON          equ	2316	;# 
   415     090E                     DAC1CON0        equ	2318	;# 
   416     090F                     DAC1CON1        equ	2319	;# 
   417     091F                     ZCD1CON         equ	2335	;# 
   418     091F                     ZCDCON          equ	2335	;# 
   419     098F                     CMOUT           equ	2447	;# 
   420     098F                     CMSTAT          equ	2447	;# 
   421     0990                     CM1CON0         equ	2448	;# 
   422     0991                     CM1CON1         equ	2449	;# 
   423     0992                     CM1NSEL         equ	2450	;# 
   424     0993                     CM1PSEL         equ	2451	;# 
   425     0994                     CM2CON0         equ	2452	;# 
   426     0995                     CM2CON1         equ	2453	;# 
   427     0996                     CM2NSEL         equ	2454	;# 
   428     0997                     CM2PSEL         equ	2455	;# 
   429     0E0F                     CLCDATA         equ	3599	;# 
   430     0E10                     CLC1CON         equ	3600	;# 
   431     0E11                     CLC1POL         equ	3601	;# 
   432     0E12                     CLC1SEL0        equ	3602	;# 
   433     0E13                     CLC1SEL1        equ	3603	;# 
   434     0E14                     CLC1SEL2        equ	3604	;# 
   435     0E15                     CLC1SEL3        equ	3605	;# 
   436     0E16                     CLC1GLS0        equ	3606	;# 
   437     0E17                     CLC1GLS1        equ	3607	;# 
   438     0E18                     CLC1GLS2        equ	3608	;# 
   439     0E19                     CLC1GLS3        equ	3609	;# 
   440     0E1A                     CLC2CON         equ	3610	;# 
   441     0E1B                     CLC2POL         equ	3611	;# 
   442     0E1C                     CLC2SEL0        equ	3612	;# 
   443     0E1D                     CLC2SEL1        equ	3613	;# 
   444     0E1E                     CLC2SEL2        equ	3614	;# 
   445     0E1F                     CLC2SEL3        equ	3615	;# 
   446     0E20                     CLC2GLS0        equ	3616	;# 
   447     0E21                     CLC2GLS1        equ	3617	;# 
   448     0E22                     CLC2GLS2        equ	3618	;# 
   449     0E23                     CLC2GLS3        equ	3619	;# 
   450     0E24                     CLC3CON         equ	3620	;# 
   451     0E25                     CLC3POL         equ	3621	;# 
   452     0E26                     CLC3SEL0        equ	3622	;# 
   453     0E27                     CLC3SEL1        equ	3623	;# 
   454     0E28                     CLC3SEL2        equ	3624	;# 
   455     0E29                     CLC3SEL3        equ	3625	;# 
   456     0E2A                     CLC3GLS0        equ	3626	;# 
   457     0E2B                     CLC3GLS1        equ	3627	;# 
   458     0E2C                     CLC3GLS2        equ	3628	;# 
   459     0E2D                     CLC3GLS3        equ	3629	;# 
   460     0E2E                     CLC4CON         equ	3630	;# 
   461     0E2F                     CLC4POL         equ	3631	;# 
   462     0E30                     CLC4SEL0        equ	3632	;# 
   463     0E31                     CLC4SEL1        equ	3633	;# 
   464     0E32                     CLC4SEL2        equ	3634	;# 
   465     0E33                     CLC4SEL3        equ	3635	;# 
   466     0E34                     CLC4GLS0        equ	3636	;# 
   467     0E35                     CLC4GLS1        equ	3637	;# 
   468     0E36                     CLC4GLS2        equ	3638	;# 
   469     0E37                     CLC4GLS3        equ	3639	;# 
   470     0E8F                     PPSLOCK         equ	3727	;# 
   471     0E90                     INTPPS          equ	3728	;# 
   472     0E91                     T0CKIPPS        equ	3729	;# 
   473     0E92                     T1CKIPPS        equ	3730	;# 
   474     0E93                     T1GPPS          equ	3731	;# 
   475     0E94                     T3CKIPPS        equ	3732	;# 
   476     0E95                     T3GPPS          equ	3733	;# 
   477     0E96                     T5CKIPPS        equ	3734	;# 
   478     0E97                     T5GPPS          equ	3735	;# 
   479     0E9C                     T2AINPPS        equ	3740	;# 
   480     0E9D                     T4AINPPS        equ	3741	;# 
   481     0E9E                     T6AINPPS        equ	3742	;# 
   482     0EA1                     CCP1PPS         equ	3745	;# 
   483     0EA2                     CCP2PPS         equ	3746	;# 
   484     0EA3                     CCP3PPS         equ	3747	;# 
   485     0EA4                     CCP4PPS         equ	3748	;# 
   486     0EA5                     CCP5PPS         equ	3749	;# 
   487     0EA9                     SMT1WINPPS      equ	3753	;# 
   488     0EAA                     SMT1SIGPPS      equ	3754	;# 
   489     0EAB                     SMT2WINPPS      equ	3755	;# 
   490     0EAC                     SMT2SIGPPS      equ	3756	;# 
   491     0EB1                     CWG1PPS         equ	3761	;# 
   492     0EB2                     CWG2PPS         equ	3762	;# 
   493     0EB3                     CWG3PPS         equ	3763	;# 
   494     0EB8                     MDCARLPPS       equ	3768	;# 
   495     0EB9                     MDCARHPPS       equ	3769	;# 
   496     0EBA                     MDSRCPPS        equ	3770	;# 
   497     0EBB                     CLCIN0PPS       equ	3771	;# 
   498     0EBC                     CLCIN1PPS       equ	3772	;# 
   499     0EBD                     CLCIN2PPS       equ	3773	;# 
   500     0EBE                     CLCIN3PPS       equ	3774	;# 
   501     0EC3                     ADCACTPPS       equ	3779	;# 
   502     0EC5                     SSP1CLKPPS      equ	3781	;# 
   503     0EC6                     SSP1DATPPS      equ	3782	;# 
   504     0EC7                     SSP1SSPPS       equ	3783	;# 
   505     0EC8                     SSP2CLKPPS      equ	3784	;# 
   506     0EC9                     SSP2DATPPS      equ	3785	;# 
   507     0ECA                     SSP2SSPPS       equ	3786	;# 
   508     0ECB                     RXPPS           equ	3787	;# 
   509     0ECC                     TXPPS           equ	3788	;# 
   510     0F10                     RA0PPS          equ	3856	;# 
   511     0F11                     RA1PPS          equ	3857	;# 
   512     0F12                     RA2PPS          equ	3858	;# 
   513     0F13                     RA3PPS          equ	3859	;# 
   514     0F14                     RA4PPS          equ	3860	;# 
   515     0F15                     RA5PPS          equ	3861	;# 
   516     0F16                     RA6PPS          equ	3862	;# 
   517     0F17                     RA7PPS          equ	3863	;# 
   518     0F18                     RB0PPS          equ	3864	;# 
   519     0F19                     RB1PPS          equ	3865	;# 
   520     0F1A                     RB2PPS          equ	3866	;# 
   521     0F1B                     RB3PPS          equ	3867	;# 
   522     0F1C                     RB4PPS          equ	3868	;# 
   523     0F1D                     RB5PPS          equ	3869	;# 
   524     0F1E                     RB6PPS          equ	3870	;# 
   525     0F1F                     RB7PPS          equ	3871	;# 
   526     0F20                     RC0PPS          equ	3872	;# 
   527     0F21                     RC1PPS          equ	3873	;# 
   528     0F22                     RC2PPS          equ	3874	;# 
   529     0F23                     RC3PPS          equ	3875	;# 
   530     0F24                     RC4PPS          equ	3876	;# 
   531     0F25                     RC5PPS          equ	3877	;# 
   532     0F26                     RC6PPS          equ	3878	;# 
   533     0F27                     RC7PPS          equ	3879	;# 
   534     0F38                     ANSELA          equ	3896	;# 
   535     0F39                     WPUA            equ	3897	;# 
   536     0F3A                     ODCONA          equ	3898	;# 
   537     0F3B                     SLRCONA         equ	3899	;# 
   538     0F3C                     INLVLA          equ	3900	;# 
   539     0F3D                     IOCAP           equ	3901	;# 
   540     0F3E                     IOCAN           equ	3902	;# 
   541     0F3F                     IOCAF           equ	3903	;# 
   542     0F40                     CCDNA           equ	3904	;# 
   543     0F41                     CCDPA           equ	3905	;# 
   544     0F43                     ANSELB          equ	3907	;# 
   545     0F44                     WPUB            equ	3908	;# 
   546     0F45                     ODCONB          equ	3909	;# 
   547     0F46                     SLRCONB         equ	3910	;# 
   548     0F47                     INLVLB          equ	3911	;# 
   549     0F48                     IOCBP           equ	3912	;# 
   550     0F49                     IOCBN           equ	3913	;# 
   551     0F4A                     IOCBF           equ	3914	;# 
   552     0F4B                     CCDNB           equ	3915	;# 
   553     0F4C                     CCDPB           equ	3916	;# 
   554     0F4E                     ANSELC          equ	3918	;# 
   555     0F4F                     WPUC            equ	3919	;# 
   556     0F50                     ODCONC          equ	3920	;# 
   557     0F51                     SLRCONC         equ	3921	;# 
   558     0F52                     INLVLC          equ	3922	;# 
   559     0F53                     IOCCP           equ	3923	;# 
   560     0F54                     IOCCN           equ	3924	;# 
   561     0F55                     IOCCF           equ	3925	;# 
   562     0F56                     CCDNC           equ	3926	;# 
   563     0F57                     CCDPC           equ	3927	;# 
   564     0F65                     WPUE            equ	3941	;# 
   565     0F68                     INLVLE          equ	3944	;# 
   566     0F69                     IOCEP           equ	3945	;# 
   567     0F6A                     IOCEN           equ	3946	;# 
   568     0F6B                     IOCEF           equ	3947	;# 
   569     0FE4                     STATUS_SHAD     equ	4068	;# 
   570     0FE5                     WREG_SHAD       equ	4069	;# 
   571     0FE6                     BSR_SHAD        equ	4070	;# 
   572     0FE7                     PCLATH_SHAD     equ	4071	;# 
   573     0FE8                     FSR0L_SHAD      equ	4072	;# 
   574     0FE9                     FSR0H_SHAD      equ	4073	;# 
   575     0FEA                     FSR1L_SHAD      equ	4074	;# 
   576     0FEB                     FSR1H_SHAD      equ	4075	;# 
   577     0FED                     STKPTR          equ	4077	;# 
   578     0FEE                     TOSL            equ	4078	;# 
   579     0FEF                     TOSH            equ	4079	;# 
   580     0000                     INDF0           equ	0	;# 
   581     0001                     INDF1           equ	1	;# 
   582     0002                     PCL             equ	2	;# 
   583     0003                     STATUS          equ	3	;# 
   584     0004                     FSR0L           equ	4	;# 
   585     0005                     FSR0H           equ	5	;# 
   586     0006                     FSR1L           equ	6	;# 
   587     0007                     FSR1H           equ	7	;# 
   588     0008                     BSR             equ	8	;# 
   589     0009                     WREG            equ	9	;# 
   590     000A                     PCLATH          equ	10	;# 
   591     000B                     INTCON          equ	11	;# 
   592     000C                     PORTA           equ	12	;# 
   593     000D                     PORTB           equ	13	;# 
   594     000E                     PORTC           equ	14	;# 
   595     0010                     PORTE           equ	16	;# 
   596     0011                     TRISA           equ	17	;# 
   597     0012                     TRISB           equ	18	;# 
   598     0013                     TRISC           equ	19	;# 
   599     0016                     LATA            equ	22	;# 
   600     0017                     LATB            equ	23	;# 
   601     0018                     LATC            equ	24	;# 
   602     001C                     TMR0L           equ	28	;# 
   603     001C                     TMR0            equ	28	;# 
   604     001D                     TMR0H           equ	29	;# 
   605     001D                     PR0             equ	29	;# 
   606     001E                     T0CON0          equ	30	;# 
   607     001F                     T0CON1          equ	31	;# 
   608     008C                     ADRES           equ	140	;# 
   609     008C                     ADRESL          equ	140	;# 
   610     008D                     ADRESH          equ	141	;# 
   611     008E                     ADPREV          equ	142	;# 
   612     008E                     ADPREVL         equ	142	;# 
   613     008F                     ADPREVH         equ	143	;# 
   614     0090                     ADACC           equ	144	;# 
   615     0090                     ADACCL          equ	144	;# 
   616     0091                     ADACCH          equ	145	;# 
   617     0093                     ADCON0          equ	147	;# 
   618     0094                     ADCON1          equ	148	;# 
   619     0095                     ADCON2          equ	149	;# 
   620     0096                     ADCON3          equ	150	;# 
   621     0097                     ADSTAT          equ	151	;# 
   622     0098                     ADCLK           equ	152	;# 
   623     0099                     ADACT           equ	153	;# 
   624     009A                     ADREF           equ	154	;# 
   625     009B                     ADCAP           equ	155	;# 
   626     009C                     ADPRE           equ	156	;# 
   627     009D                     ADACQ           equ	157	;# 
   628     009E                     ADPCH           equ	158	;# 
   629     010C                     ADCNT           equ	268	;# 
   630     010D                     ADRPT           equ	269	;# 
   631     010E                     ADLTH           equ	270	;# 
   632     010E                     ADLTHL          equ	270	;# 
   633     010F                     ADLTHH          equ	271	;# 
   634     0110                     ADUTH           equ	272	;# 
   635     0110                     ADUTHL          equ	272	;# 
   636     0111                     ADUTHH          equ	273	;# 
   637     0112                     ADSTPT          equ	274	;# 
   638     0112                     ADSTPTL         equ	274	;# 
   639     0113                     ADSTPTH         equ	275	;# 
   640     0114                     ADFLTR          equ	276	;# 
   641     0114                     ADFLTRL         equ	276	;# 
   642     0115                     ADFLTRH         equ	277	;# 
   643     0116                     ADERR           equ	278	;# 
   644     0116                     ADERRL          equ	278	;# 
   645     0117                     ADERRH          equ	279	;# 
   646     0119                     RC1REG          equ	281	;# 
   647     0119                     RCREG           equ	281	;# 
   648     0119                     RCREG1          equ	281	;# 
   649     011A                     TX1REG          equ	282	;# 
   650     011A                     TXREG1          equ	282	;# 
   651     011A                     TXREG           equ	282	;# 
   652     011B                     SP1BRG          equ	283	;# 
   653     011B                     SP1BRGL         equ	283	;# 
   654     011B                     SPBRG           equ	283	;# 
   655     011B                     SPBRG1          equ	283	;# 
   656     011B                     SPBRGL          equ	283	;# 
   657     011C                     SP1BRGH         equ	284	;# 
   658     011C                     SPBRGH          equ	284	;# 
   659     011C                     SPBRGH1         equ	284	;# 
   660     011D                     RC1STA          equ	285	;# 
   661     011D                     RCSTA1          equ	285	;# 
   662     011D                     RCSTA           equ	285	;# 
   663     011E                     TX1STA          equ	286	;# 
   664     011E                     TXSTA1          equ	286	;# 
   665     011E                     TXSTA           equ	286	;# 
   666     011F                     BAUD1CON        equ	287	;# 
   667     011F                     BAUDCON1        equ	287	;# 
   668     011F                     BAUDCTL1        equ	287	;# 
   669     011F                     BAUDCON         equ	287	;# 
   670     011F                     BAUDCTL         equ	287	;# 
   671     018C                     SSP1BUF         equ	396	;# 
   672     018D                     SSP1ADD         equ	397	;# 
   673     018E                     SSP1MSK         equ	398	;# 
   674     018F                     SSP1STAT        equ	399	;# 
   675     0190                     SSP1CON1        equ	400	;# 
   676     0191                     SSP1CON2        equ	401	;# 
   677     0192                     SSP1CON3        equ	402	;# 
   678     0196                     SSP2BUF         equ	406	;# 
   679     0197                     SSP2ADD         equ	407	;# 
   680     0198                     SSP2MSK         equ	408	;# 
   681     0199                     SSP2STAT        equ	409	;# 
   682     019A                     SSP2CON1        equ	410	;# 
   683     019B                     SSP2CON2        equ	411	;# 
   684     019C                     SSP2CON3        equ	412	;# 
   685     020C                     TMR1            equ	524	;# 
   686     020C                     TMR1L           equ	524	;# 
   687     020D                     TMR1H           equ	525	;# 
   688     020E                     T1CON           equ	526	;# 
   689     020F                     T1GCON          equ	527	;# 
   690     020F                     PR1             equ	527	;# 
   691     0210                     T1GATE          equ	528	;# 
   692     0210                     TMR1GATE        equ	528	;# 
   693     0211                     T1CLK           equ	529	;# 
   694     0211                     TMR1CLK         equ	529	;# 
   695     0212                     TMR3            equ	530	;# 
   696     0212                     TMR3L           equ	530	;# 
   697     0213                     TMR3H           equ	531	;# 
   698     0214                     T3CON           equ	532	;# 
   699     0215                     T3GCON          equ	533	;# 
   700     0215                     PR3             equ	533	;# 
   701     0216                     T3GATE          equ	534	;# 
   702     0216                     TMR3GATE        equ	534	;# 
   703     0217                     T3CLK           equ	535	;# 
   704     0217                     TMR3CLK         equ	535	;# 
   705     0218                     TMR5            equ	536	;# 
   706     0218                     TMR5L           equ	536	;# 
   707     0219                     TMR5H           equ	537	;# 
   708     021A                     T5CON           equ	538	;# 
   709     021B                     T5GCON          equ	539	;# 
   710     021B                     PR5             equ	539	;# 
   711     021C                     T5GATE          equ	540	;# 
   712     021C                     TMR5GATE        equ	540	;# 
   713     021D                     T5CLK           equ	541	;# 
   714     021D                     TMR5CLK         equ	541	;# 
   715     021E                     CCPTMRS0        equ	542	;# 
   716     021F                     CCPTMRS1        equ	543	;# 
   717     028C                     T2TMR           equ	652	;# 
   718     028C                     TMR2            equ	652	;# 
   719     028D                     T2PR            equ	653	;# 
   720     028D                     PR2             equ	653	;# 
   721     028E                     T2CON           equ	654	;# 
   722     028F                     T2HLT           equ	655	;# 
   723     0290                     T2CLKCON        equ	656	;# 
   724     0290                     T2CLK           equ	656	;# 
   725     0291                     T2RST           equ	657	;# 
   726     0292                     T4TMR           equ	658	;# 
   727     0292                     TMR4            equ	658	;# 
   728     0293                     T4PR            equ	659	;# 
   729     0293                     PR4             equ	659	;# 
   730     0294                     T4CON           equ	660	;# 
   731     0295                     T4HLT           equ	661	;# 
   732     0296                     T4CLKCON        equ	662	;# 
   733     0296                     T4CLK           equ	662	;# 
   734     0297                     T4RST           equ	663	;# 
   735     0298                     T6TMR           equ	664	;# 
   736     0298                     TMR6            equ	664	;# 
   737     0299                     T6PR            equ	665	;# 
   738     0299                     PR6             equ	665	;# 
   739     029A                     T6CON           equ	666	;# 
   740     029B                     T6HLT           equ	667	;# 
   741     029C                     T6CLKCON        equ	668	;# 
   742     029C                     T6CLK           equ	668	;# 
   743     029D                     T6RST           equ	669	;# 
   744     030C                     CCPR1           equ	780	;# 
   745     030C                     CCPR1L          equ	780	;# 
   746     030D                     CCPR1H          equ	781	;# 
   747     030E                     CCP1CON         equ	782	;# 
   748     030F                     CCP1CAP         equ	783	;# 
   749     0310                     CCPR2           equ	784	;# 
   750     0310                     CCPR2L          equ	784	;# 
   751     0311                     CCPR2H          equ	785	;# 
   752     0312                     CCP2CON         equ	786	;# 
   753     0313                     CCP2CAP         equ	787	;# 
   754     0314                     CCPR3           equ	788	;# 
   755     0314                     CCPR3L          equ	788	;# 
   756     0315                     CCPR3H          equ	789	;# 
   757     0316                     CCP3CON         equ	790	;# 
   758     0317                     CCP3CAP         equ	791	;# 
   759     0318                     CCPR4           equ	792	;# 
   760     0318                     CCPR4L          equ	792	;# 
   761     0319                     CCPR4H          equ	793	;# 
   762     031A                     CCP4CON         equ	794	;# 
   763     031B                     CCP4CAP         equ	795	;# 
   764     031C                     CCPR5           equ	796	;# 
   765     031C                     CCPR5L          equ	796	;# 
   766     031D                     CCPR5H          equ	797	;# 
   767     031E                     CCP5CON         equ	798	;# 
   768     031F                     CCP5CAP         equ	799	;# 
   769     038C                     PWM6DC          equ	908	;# 
   770     038C                     PWM6DCL         equ	908	;# 
   771     038D                     PWM6DCH         equ	909	;# 
   772     038E                     PWM6CON         equ	910	;# 
   773     0390                     PWM7DC          equ	912	;# 
   774     0390                     PWM7DCL         equ	912	;# 
   775     0391                     PWM7DCH         equ	913	;# 
   776     0392                     PWM7CON         equ	914	;# 
   777     040C                     SCANLADRL       equ	1036	;# 
   778     040D                     SCANLADRH       equ	1037	;# 
   779     040E                     SCANHADRL       equ	1038	;# 
   780     040F                     SCANHADRH       equ	1039	;# 
   781     0410                     SCANCON0        equ	1040	;# 
   782     0411                     SCANTRIG        equ	1041	;# 
   783     0416                     CRCDATA         equ	1046	;# 
   784     0416                     CRCDATL         equ	1046	;# 
   785     0417                     CRCDATH         equ	1047	;# 
   786     0418                     CRCACC          equ	1048	;# 
   787     0418                     CRCACCL         equ	1048	;# 
   788     0419                     CRCACCH         equ	1049	;# 
   789     041A                     CRCSHFT         equ	1050	;# 
   790     041A                     CRCSHIFTL       equ	1050	;# 
   791     041B                     CRCSHIFTH       equ	1051	;# 
   792     041C                     CRCXOR          equ	1052	;# 
   793     041C                     CRCXORL         equ	1052	;# 
   794     041D                     CRCXORH         equ	1053	;# 
   795     041E                     CRCCON0         equ	1054	;# 
   796     041F                     CRCCON1         equ	1055	;# 
   797     048C                     SMT1TMR         equ	1164	;# 
   798     048C                     SMT1TMRL        equ	1164	;# 
   799     048D                     SMT1TMRH        equ	1165	;# 
   800     048E                     SMT1TMRU        equ	1166	;# 
   801     048F                     SMT1CPR         equ	1167	;# 
   802     048F                     SMT1CPRL        equ	1167	;# 
   803     0490                     SMT1CPRH        equ	1168	;# 
   804     0491                     SMT1CPRU        equ	1169	;# 
   805     0492                     SMT1CPW         equ	1170	;# 
   806     0492                     SMT1CPWL        equ	1170	;# 
   807     0493                     SMT1CPWH        equ	1171	;# 
   808     0494                     SMT1CPWU        equ	1172	;# 
   809     0495                     SMT1PR          equ	1173	;# 
   810     0495                     SMT1PRL         equ	1173	;# 
   811     0496                     SMT1PRH         equ	1174	;# 
   812     0497                     SMT1PRU         equ	1175	;# 
   813     0498                     SMT1CON0        equ	1176	;# 
   814     0499                     SMT1CON1        equ	1177	;# 
   815     049A                     SMT1STAT        equ	1178	;# 
   816     049B                     SMT1CLK         equ	1179	;# 
   817     049C                     SMT1SIG         equ	1180	;# 
   818     049D                     SMT1WIN         equ	1181	;# 
   819     050C                     SMT2TMR         equ	1292	;# 
   820     050C                     SMT2TMRL        equ	1292	;# 
   821     050D                     SMT2TMRH        equ	1293	;# 
   822     050E                     SMT2TMRU        equ	1294	;# 
   823     050F                     SMT2CPR         equ	1295	;# 
   824     050F                     SMT2CPRL        equ	1295	;# 
   825     0510                     SMT2CPRH        equ	1296	;# 
   826     0511                     SMT2CPRU        equ	1297	;# 
   827     0512                     SMT2CPW         equ	1298	;# 
   828     0512                     SMT2CPWL        equ	1298	;# 
   829     0513                     SMT2CPWH        equ	1299	;# 
   830     0514                     SMT2CPWU        equ	1300	;# 
   831     0515                     SMT2PR          equ	1301	;# 
   832     0515                     SMT2PRL         equ	1301	;# 
   833     0516                     SMT2PRH         equ	1302	;# 
   834     0517                     SMT2PRU         equ	1303	;# 
   835     0518                     SMT2CON0        equ	1304	;# 
   836     0519                     SMT2CON1        equ	1305	;# 
   837     051A                     SMT2STAT        equ	1306	;# 
   838     051B                     SMT2CLK         equ	1307	;# 
   839     051C                     SMT2SIG         equ	1308	;# 
   840     051D                     SMT2WIN         equ	1309	;# 
   841     058C                     NCO1ACC         equ	1420	;# 
   842     058C                     NCO1ACCL        equ	1420	;# 
   843     058D                     NCO1ACCH        equ	1421	;# 
   844     058E                     NCO1ACCU        equ	1422	;# 
   845     058F                     NCO1INC         equ	1423	;# 
   846     058F                     NCO1INCL        equ	1423	;# 
   847     0590                     NCO1INCH        equ	1424	;# 
   848     0591                     NCO1INCU        equ	1425	;# 
   849     0592                     NCO1CON         equ	1426	;# 
   850     0593                     NCO1CLK         equ	1427	;# 
   851     060C                     CWG1CLKCON      equ	1548	;# 
   852     060D                     CWG1ISM         equ	1549	;# 
   853     060E                     CWG1DBR         equ	1550	;# 
   854     060F                     CWG1DBF         equ	1551	;# 
   855     0610                     CWG1CON0        equ	1552	;# 
   856     0611                     CWG1CON1        equ	1553	;# 
   857     0612                     CWG1AS0         equ	1554	;# 
   858     0613                     CWG1AS1         equ	1555	;# 
   859     0614                     CWG1STR         equ	1556	;# 
   860     0616                     CWG2CLKCON      equ	1558	;# 
   861     0617                     CWG2ISM         equ	1559	;# 
   862     0618                     CWG2DBR         equ	1560	;# 
   863     0619                     CWG2DBF         equ	1561	;# 
   864     061A                     CWG2CON0        equ	1562	;# 
   865     061B                     CWG2CON1        equ	1563	;# 
   866     061C                     CWG2AS0         equ	1564	;# 
   867     061D                     CWG2AS1         equ	1565	;# 
   868     061E                     CWG2STR         equ	1566	;# 
   869     068C                     CWG3CLKCON      equ	1676	;# 
   870     068D                     CWG3ISM         equ	1677	;# 
   871     068E                     CWG3DBR         equ	1678	;# 
   872     068F                     CWG3DBF         equ	1679	;# 
   873     0690                     CWG3CON0        equ	1680	;# 
   874     0691                     CWG3CON1        equ	1681	;# 
   875     0692                     CWG3AS0         equ	1682	;# 
   876     0693                     CWG3AS1         equ	1683	;# 
   877     0694                     CWG3STR         equ	1684	;# 
   878     070C                     PIR0            equ	1804	;# 
   879     070D                     PIR1            equ	1805	;# 
   880     070E                     PIR2            equ	1806	;# 
   881     070F                     PIR3            equ	1807	;# 
   882     0710                     PIR4            equ	1808	;# 
   883     0711                     PIR5            equ	1809	;# 
   884     0712                     PIR6            equ	1810	;# 
   885     0713                     PIR7            equ	1811	;# 
   886     0714                     PIR8            equ	1812	;# 
   887     0716                     PIE0            equ	1814	;# 
   888     0717                     PIE1            equ	1815	;# 
   889     0718                     PIE2            equ	1816	;# 
   890     0719                     PIE3            equ	1817	;# 
   891     071A                     PIE4            equ	1818	;# 
   892     071B                     PIE5            equ	1819	;# 
   893     071C                     PIE6            equ	1820	;# 
   894     071D                     PIE7            equ	1821	;# 
   895     071E                     PIE8            equ	1822	;# 
   896     0796                     PMD0            equ	1942	;# 
   897     0797                     PMD1            equ	1943	;# 
   898     0798                     PMD2            equ	1944	;# 
   899     0799                     PMD3            equ	1945	;# 
   900     079A                     PMD4            equ	1946	;# 
   901     079B                     PMD5            equ	1947	;# 
   902     080C                     WDTCON0         equ	2060	;# 
   903     080D                     WDTCON1         equ	2061	;# 
   904     080E                     WDTPSL          equ	2062	;# 
   905     080F                     WDTPSH          equ	2063	;# 
   906     0810                     WDTTMR          equ	2064	;# 
   907     0811                     BORCON          equ	2065	;# 
   908     0812                     VREGCON         equ	2066	;# 
   909     0813                     PCON0           equ	2067	;# 
   910     0814                     CCDCON          equ	2068	;# 
   911     081A                     NVMADRL         equ	2074	;# 
   912     081B                     NVMADRH         equ	2075	;# 
   913     081C                     NVMDATL         equ	2076	;# 
   914     081D                     NVMDATH         equ	2077	;# 
   915     081E                     NVMCON1         equ	2078	;# 
   916     081F                     NVMCON2         equ	2079	;# 
   917     088C                     CPUDOZE         equ	2188	;# 
   918     088D                     OSCCON1         equ	2189	;# 
   919     088E                     OSCCON2         equ	2190	;# 
   920     088F                     OSCCON3         equ	2191	;# 
   921     0890                     OSCSTAT         equ	2192	;# 
   922     0891                     OSCEN           equ	2193	;# 
   923     0892                     OSCTUNE         equ	2194	;# 
   924     0893                     OSCFRQ          equ	2195	;# 
   925     0895                     CLKRCON         equ	2197	;# 
   926     0896                     CLKRCLK         equ	2198	;# 
   927     0897                     MDCON0          equ	2199	;# 
   928     0898                     MDCON1          equ	2200	;# 
   929     0899                     MDSRC           equ	2201	;# 
   930     089A                     MDCARL          equ	2202	;# 
   931     089B                     MDCARH          equ	2203	;# 
   932     090C                     FVRCON          equ	2316	;# 
   933     090E                     DAC1CON0        equ	2318	;# 
   934     090F                     DAC1CON1        equ	2319	;# 
   935     091F                     ZCD1CON         equ	2335	;# 
   936     091F                     ZCDCON          equ	2335	;# 
   937     098F                     CMOUT           equ	2447	;# 
   938     098F                     CMSTAT          equ	2447	;# 
   939     0990                     CM1CON0         equ	2448	;# 
   940     0991                     CM1CON1         equ	2449	;# 
   941     0992                     CM1NSEL         equ	2450	;# 
   942     0993                     CM1PSEL         equ	2451	;# 
   943     0994                     CM2CON0         equ	2452	;# 
   944     0995                     CM2CON1         equ	2453	;# 
   945     0996                     CM2NSEL         equ	2454	;# 
   946     0997                     CM2PSEL         equ	2455	;# 
   947     0E0F                     CLCDATA         equ	3599	;# 
   948     0E10                     CLC1CON         equ	3600	;# 
   949     0E11                     CLC1POL         equ	3601	;# 
   950     0E12                     CLC1SEL0        equ	3602	;# 
   951     0E13                     CLC1SEL1        equ	3603	;# 
   952     0E14                     CLC1SEL2        equ	3604	;# 
   953     0E15                     CLC1SEL3        equ	3605	;# 
   954     0E16                     CLC1GLS0        equ	3606	;# 
   955     0E17                     CLC1GLS1        equ	3607	;# 
   956     0E18                     CLC1GLS2        equ	3608	;# 
   957     0E19                     CLC1GLS3        equ	3609	;# 
   958     0E1A                     CLC2CON         equ	3610	;# 
   959     0E1B                     CLC2POL         equ	3611	;# 
   960     0E1C                     CLC2SEL0        equ	3612	;# 
   961     0E1D                     CLC2SEL1        equ	3613	;# 
   962     0E1E                     CLC2SEL2        equ	3614	;# 
   963     0E1F                     CLC2SEL3        equ	3615	;# 
   964     0E20                     CLC2GLS0        equ	3616	;# 
   965     0E21                     CLC2GLS1        equ	3617	;# 
   966     0E22                     CLC2GLS2        equ	3618	;# 
   967     0E23                     CLC2GLS3        equ	3619	;# 
   968     0E24                     CLC3CON         equ	3620	;# 
   969     0E25                     CLC3POL         equ	3621	;# 
   970     0E26                     CLC3SEL0        equ	3622	;# 
   971     0E27                     CLC3SEL1        equ	3623	;# 
   972     0E28                     CLC3SEL2        equ	3624	;# 
   973     0E29                     CLC3SEL3        equ	3625	;# 
   974     0E2A                     CLC3GLS0        equ	3626	;# 
   975     0E2B                     CLC3GLS1        equ	3627	;# 
   976     0E2C                     CLC3GLS2        equ	3628	;# 
   977     0E2D                     CLC3GLS3        equ	3629	;# 
   978     0E2E                     CLC4CON         equ	3630	;# 
   979     0E2F                     CLC4POL         equ	3631	;# 
   980     0E30                     CLC4SEL0        equ	3632	;# 
   981     0E31                     CLC4SEL1        equ	3633	;# 
   982     0E32                     CLC4SEL2        equ	3634	;# 
   983     0E33                     CLC4SEL3        equ	3635	;# 
   984     0E34                     CLC4GLS0        equ	3636	;# 
   985     0E35                     CLC4GLS1        equ	3637	;# 
   986     0E36                     CLC4GLS2        equ	3638	;# 
   987     0E37                     CLC4GLS3        equ	3639	;# 
   988     0E8F                     PPSLOCK         equ	3727	;# 
   989     0E90                     INTPPS          equ	3728	;# 
   990     0E91                     T0CKIPPS        equ	3729	;# 
   991     0E92                     T1CKIPPS        equ	3730	;# 
   992     0E93                     T1GPPS          equ	3731	;# 
   993     0E94                     T3CKIPPS        equ	3732	;# 
   994     0E95                     T3GPPS          equ	3733	;# 
   995     0E96                     T5CKIPPS        equ	3734	;# 
   996     0E97                     T5GPPS          equ	3735	;# 
   997     0E9C                     T2AINPPS        equ	3740	;# 
   998     0E9D                     T4AINPPS        equ	3741	;# 
   999     0E9E                     T6AINPPS        equ	3742	;# 
  1000     0EA1                     CCP1PPS         equ	3745	;# 
  1001     0EA2                     CCP2PPS         equ	3746	;# 
  1002     0EA3                     CCP3PPS         equ	3747	;# 
  1003     0EA4                     CCP4PPS         equ	3748	;# 
  1004     0EA5                     CCP5PPS         equ	3749	;# 
  1005     0EA9                     SMT1WINPPS      equ	3753	;# 
  1006     0EAA                     SMT1SIGPPS      equ	3754	;# 
  1007     0EAB                     SMT2WINPPS      equ	3755	;# 
  1008     0EAC                     SMT2SIGPPS      equ	3756	;# 
  1009     0EB1                     CWG1PPS         equ	3761	;# 
  1010     0EB2                     CWG2PPS         equ	3762	;# 
  1011     0EB3                     CWG3PPS         equ	3763	;# 
  1012     0EB8                     MDCARLPPS       equ	3768	;# 
  1013     0EB9                     MDCARHPPS       equ	3769	;# 
  1014     0EBA                     MDSRCPPS        equ	3770	;# 
  1015     0EBB                     CLCIN0PPS       equ	3771	;# 
  1016     0EBC                     CLCIN1PPS       equ	3772	;# 
  1017     0EBD                     CLCIN2PPS       equ	3773	;# 
  1018     0EBE                     CLCIN3PPS       equ	3774	;# 
  1019     0EC3                     ADCACTPPS       equ	3779	;# 
  1020     0EC5                     SSP1CLKPPS      equ	3781	;# 
  1021     0EC6                     SSP1DATPPS      equ	3782	;# 
  1022     0EC7                     SSP1SSPPS       equ	3783	;# 
  1023     0EC8                     SSP2CLKPPS      equ	3784	;# 
  1024     0EC9                     SSP2DATPPS      equ	3785	;# 
  1025     0ECA                     SSP2SSPPS       equ	3786	;# 
  1026     0ECB                     RXPPS           equ	3787	;# 
  1027     0ECC                     TXPPS           equ	3788	;# 
  1028     0F10                     RA0PPS          equ	3856	;# 
  1029     0F11                     RA1PPS          equ	3857	;# 
  1030     0F12                     RA2PPS          equ	3858	;# 
  1031     0F13                     RA3PPS          equ	3859	;# 
  1032     0F14                     RA4PPS          equ	3860	;# 
  1033     0F15                     RA5PPS          equ	3861	;# 
  1034     0F16                     RA6PPS          equ	3862	;# 
  1035     0F17                     RA7PPS          equ	3863	;# 
  1036     0F18                     RB0PPS          equ	3864	;# 
  1037     0F19                     RB1PPS          equ	3865	;# 
  1038     0F1A                     RB2PPS          equ	3866	;# 
  1039     0F1B                     RB3PPS          equ	3867	;# 
  1040     0F1C                     RB4PPS          equ	3868	;# 
  1041     0F1D                     RB5PPS          equ	3869	;# 
  1042     0F1E                     RB6PPS          equ	3870	;# 
  1043     0F1F                     RB7PPS          equ	3871	;# 
  1044     0F20                     RC0PPS          equ	3872	;# 
  1045     0F21                     RC1PPS          equ	3873	;# 
  1046     0F22                     RC2PPS          equ	3874	;# 
  1047     0F23                     RC3PPS          equ	3875	;# 
  1048     0F24                     RC4PPS          equ	3876	;# 
  1049     0F25                     RC5PPS          equ	3877	;# 
  1050     0F26                     RC6PPS          equ	3878	;# 
  1051     0F27                     RC7PPS          equ	3879	;# 
  1052     0F38                     ANSELA          equ	3896	;# 
  1053     0F39                     WPUA            equ	3897	;# 
  1054     0F3A                     ODCONA          equ	3898	;# 
  1055     0F3B                     SLRCONA         equ	3899	;# 
  1056     0F3C                     INLVLA          equ	3900	;# 
  1057     0F3D                     IOCAP           equ	3901	;# 
  1058     0F3E                     IOCAN           equ	3902	;# 
  1059     0F3F                     IOCAF           equ	3903	;# 
  1060     0F40                     CCDNA           equ	3904	;# 
  1061     0F41                     CCDPA           equ	3905	;# 
  1062     0F43                     ANSELB          equ	3907	;# 
  1063     0F44                     WPUB            equ	3908	;# 
  1064     0F45                     ODCONB          equ	3909	;# 
  1065     0F46                     SLRCONB         equ	3910	;# 
  1066     0F47                     INLVLB          equ	3911	;# 
  1067     0F48                     IOCBP           equ	3912	;# 
  1068     0F49                     IOCBN           equ	3913	;# 
  1069     0F4A                     IOCBF           equ	3914	;# 
  1070     0F4B                     CCDNB           equ	3915	;# 
  1071     0F4C                     CCDPB           equ	3916	;# 
  1072     0F4E                     ANSELC          equ	3918	;# 
  1073     0F4F                     WPUC            equ	3919	;# 
  1074     0F50                     ODCONC          equ	3920	;# 
  1075     0F51                     SLRCONC         equ	3921	;# 
  1076     0F52                     INLVLC          equ	3922	;# 
  1077     0F53                     IOCCP           equ	3923	;# 
  1078     0F54                     IOCCN           equ	3924	;# 
  1079     0F55                     IOCCF           equ	3925	;# 
  1080     0F56                     CCDNC           equ	3926	;# 
  1081     0F57                     CCDPC           equ	3927	;# 
  1082     0F65                     WPUE            equ	3941	;# 
  1083     0F68                     INLVLE          equ	3944	;# 
  1084     0F69                     IOCEP           equ	3945	;# 
  1085     0F6A                     IOCEN           equ	3946	;# 
  1086     0F6B                     IOCEF           equ	3947	;# 
  1087     0FE4                     STATUS_SHAD     equ	4068	;# 
  1088     0FE5                     WREG_SHAD       equ	4069	;# 
  1089     0FE6                     BSR_SHAD        equ	4070	;# 
  1090     0FE7                     PCLATH_SHAD     equ	4071	;# 
  1091     0FE8                     FSR0L_SHAD      equ	4072	;# 
  1092     0FE9                     FSR0H_SHAD      equ	4073	;# 
  1093     0FEA                     FSR1L_SHAD      equ	4074	;# 
  1094     0FEB                     FSR1H_SHAD      equ	4075	;# 
  1095     0FED                     STKPTR          equ	4077	;# 
  1096     0FEE                     TOSL            equ	4078	;# 
  1097     0FEF                     TOSH            equ	4079	;# 
  1098     000B                     _INTCONbits     set	11
  1099     011D                     _RC1STAbits     set	285
  1100     011B                     _SP1BRGL        set	283
  1101     011C                     _SP1BRGH        set	284
  1102     011E                     _TX1STAbits     set	286
  1103     011F                     _BAUD1CONbits   set	287
  1104     0119                     _RC1REG         set	281
  1105     011A                     _TX1REG         set	282
  1106     0719                     _PIE3bits       set	1817
  1107     070F                     _PIR3bits       set	1807
  1108     0F26                     _RC6PPS         set	3878
  1109                           
  1110                           	psect	cinit
  1111     0020                     start_initialization:	
  1112                           ; #config settings
  1113                           
  1114     0020                     __initialization:
  1115                           
  1116                           ; Clear objects allocated to COMMON
  1117     0020  01F3               	clrf	__pbssCOMMON& (0+127)
  1118     0021  01F4               	clrf	(__pbssCOMMON+1)& (0+127)
  1119     0022                     end_of_initialization:	
  1120                           ;End of C runtime variable initialization code
  1121                           
  1122     0022                     __end_of__initialization:
  1123     0022  107E               	bcf	int$flags,0	;clear compiler interrupt flag (level 1)
  1124     0023  0020               	movlb	0
  1125     0024  3180  2890         	ljmp	_main	;jump to C main() function
  1126                           
  1127                           	psect	bssCOMMON
  1128     0073                     __pbssCOMMON:
  1129     0073                     _RXMSG:
  1130     0073                     	ds	1
  1131     0074                     _TXMSG:
  1132     0074                     	ds	1
  1133                           
  1134                           	psect	cstackCOMMON
  1135     0070                     __pcstackCOMMON:
  1136     0070                     ?_ISR:
  1137     0070                     ?_UARTSYNC:	
  1138                           ; 1 bytes @ 0x0
  1139                           
  1140     0070                     ?_GETPCUINFO:	
  1141                           ; 1 bytes @ 0x0
  1142                           
  1143     0070                     ?_main:	
  1144                           ; 1 bytes @ 0x0
  1145                           
  1146     0070                     ??_ISR:	
  1147                           ; 1 bytes @ 0x0
  1148                           
  1149     0070                     ??_UARTSYNC:	
  1150                           ; 1 bytes @ 0x0
  1151                           
  1152     0070                     ??_GETPCUINFO:	
  1153                           ; 1 bytes @ 0x0
  1154                           
  1155                           
  1156                           ; 1 bytes @ 0x0
  1157     0070                     	ds	1
  1158     0071                     UARTSYNC@x:
  1159     0071                     GETPCUINFO@x:	
  1160                           ; 2 bytes @ 0x1
  1161                           
  1162                           
  1163                           ; 2 bytes @ 0x1
  1164     0071                     	ds	2
  1165     0073                     ??_main:
  1166                           
  1167                           	psect	maintext
  1168     0090                     __pmaintext:	
  1169                           ; 1 bytes @ 0x3
  1170 ;;
  1171 ;;Main: autosize = 0, tempsize = 0, incstack = 0, save=0
  1172 ;;
  1173 ;; *************** function _main *****************
  1174 ;; Defined at:
  1175 ;;		line 76 in file "Mainproject.c"
  1176 ;; Parameters:    Size  Location     Type
  1177 ;;		None
  1178 ;; Auto vars:     Size  Location     Type
  1179 ;;		None
  1180 ;; Return value:  Size  Location     Type
  1181 ;;                  1    wreg      void 
  1182 ;; Registers used:
  1183 ;;		wreg, status,2, status,0, pclath, cstack
  1184 ;; Tracked objects:
  1185 ;;		On entry : B1F/0
  1186 ;;		On exit  : 0/0
  1187 ;;		Unchanged: 0/0
  1188 ;; Data sizes:     COMMON   BANK0   BANK1   BANK2   BANK3   BANK4   BANK5   BANK6   BANK7   BANK8   BANK9  BANK10  BANK1
      +1  BANK12
  1189 ;;      Params:         0       0       0       0       0       0       0       0       0       0       0       0       
      +0       0
  1190 ;;      Locals:         0       0       0       0       0       0       0       0       0       0       0       0       
      +0       0
  1191 ;;      Temps:          0       0       0       0       0       0       0       0       0       0       0       0       
      +0       0
  1192 ;;      Totals:         0       0       0       0       0       0       0       0       0       0       0       0       
      +0       0
  1193 ;;Total ram usage:        0 bytes
  1194 ;; Hardware stack levels required when called: 2
  1195 ;; This function calls:
  1196 ;;		_GETPCUINFO
  1197 ;;		_UARTSYNC
  1198 ;; This function is called by:
  1199 ;;		Startup code after reset
  1200 ;; This function uses a non-reentrant model
  1201 ;;
  1202                           
  1203     0090                     _main:	
  1204                           ;psect for function _main
  1205                           
  1206     0090                     l657:	
  1207                           ;incstack = 0
  1208                           ; Regs used in _main: [wreg+status,2+status,0+pclath+cstack]
  1209                           
  1210                           
  1211                           ;Mainproject.c: 79:     while(1){
  1212     0090  0022               	movlb	2	; select bank2
  1213     0091  159F               	bsf	31,3	;volatile
  1214                           
  1215                           ;Mainproject.c: 80: 
  1216     0092  151E               	bsf	30,2	;volatile
  1217     0093                     l659:
  1218                           
  1219                           ;Mainproject.c: 81:     }
  1220     0093  019C               	clrf	28	;volatile
  1221     0094                     l661:
  1222                           
  1223                           ;Mainproject.c: 82: 
  1224     0094  3044               	movlw	68
  1225     0095  009B               	movwf	27	;volatile
  1226     0096                     l663:
  1227     0096  169E               	bsf	30,5	;volatile
  1228     0097                     l665:
  1229     0097  121E               	bcf	30,4	;volatile
  1230     0098                     l667:
  1231     0098  179D               	bsf	29,7	;volatile
  1232     0099                     l669:
  1233     0099  3010               	movlw	16
  1234     009A  003E               	movlb	30	; select bank30
  1235     009B  00A6               	movwf	38	;volatile
  1236     009C                     l671:
  1237     009C  170B               	bsf	11,6	;volatile
  1238     009D                     l673:
  1239     009D  178B               	bsf	11,7	;volatile
  1240     009E                     l675:
  1241     009E  3180  2026  3180   	fcall	_UARTSYNC
  1242     00A1                     l677:
  1243     00A1  3180  205B  3180   	fcall	_GETPCUINFO
  1244     00A4                     l56:
  1245     00A4                     l57:
  1246     00A4  28A4               	goto	l56
  1247     00A5  3180  281E         	ljmp	start
  1248     00A7                     __end_of_main:
  1249                           
  1250                           	psect	text1
  1251     0026                     __ptext1:	
  1252 ;; *************** function _UARTSYNC *****************
  1253 ;; Defined at:
  1254 ;;		line 38 in file "Mainproject.c"
  1255 ;; Parameters:    Size  Location     Type
  1256 ;;		None
  1257 ;; Auto vars:     Size  Location     Type
  1258 ;;  x               2    1[COMMON] int 
  1259 ;; Return value:  Size  Location     Type
  1260 ;;                  1    wreg      void 
  1261 ;; Registers used:
  1262 ;;		wreg, status,2, status,0
  1263 ;; Tracked objects:
  1264 ;;		On entry : 0/0
  1265 ;;		On exit  : 0/0
  1266 ;;		Unchanged: 0/0
  1267 ;; Data sizes:     COMMON   BANK0   BANK1   BANK2   BANK3   BANK4   BANK5   BANK6   BANK7   BANK8   BANK9  BANK10  BANK1
      +1  BANK12
  1268 ;;      Params:         0       0       0       0       0       0       0       0       0       0       0       0       
      +0       0
  1269 ;;      Locals:         2       0       0       0       0       0       0       0       0       0       0       0       
      +0       0
  1270 ;;      Temps:          1       0       0       0       0       0       0       0       0       0       0       0       
      +0       0
  1271 ;;      Totals:         3       0       0       0       0       0       0       0       0       0       0       0       
      +0       0
  1272 ;;Total ram usage:        3 bytes
  1273 ;; Hardware stack levels used: 1
  1274 ;; Hardware stack levels required when called: 1
  1275 ;; This function calls:
  1276 ;;		Nothing
  1277 ;; This function is called by:
  1278 ;;		_main
  1279 ;; This function uses a non-reentrant model
  1280 ;;
  1281                           
  1282     0026                     _UARTSYNC:	
  1283                           ;psect for function _UARTSYNC
  1284                           
  1285     0026                     l617:	
  1286                           ;incstack = 0
  1287                           ; Regs used in _UARTSYNC: [wreg+status,2+status,0]
  1288                           
  1289                           
  1290                           ;Mainproject.c: 40: 
  1291     0026  01F1               	clrf	UARTSYNC@x
  1292     0027  01F2               	clrf	UARTSYNC@x+1
  1293                           
  1294                           ;Mainproject.c: 42: 
  1295     0028  284D               	goto	l36
  1296     0029                     l37:
  1297                           
  1298                           ;Mainproject.c: 44:                 TXMSG = 0x01;
  1299     0029  002E               	movlb	14	; select bank14
  1300     002A  1E0F               	btfss	15,4	;volatile
  1301     002B  282D               	goto	u11
  1302     002C  282E               	goto	u10
  1303     002D                     u11:
  1304     002D  283C               	goto	l38
  1305     002E                     u10:
  1306     002E                     l619:
  1307     002E  0871               	movf	UARTSYNC@x,w
  1308     002F  0472               	iorwf	UARTSYNC@x+1,w
  1309     0030  1D03               	btfss	3,2
  1310     0031  2833               	goto	u21
  1311     0032  2834               	goto	u20
  1312     0033                     u21:
  1313     0033  283C               	goto	l38
  1314     0034                     u20:
  1315     0034                     l621:
  1316                           
  1317                           ;Mainproject.c: 45:                 PIE3bits.TXIE = 1;
  1318     0034  30FE               	movlw	254
  1319     0035  00F4               	movwf	_TXMSG
  1320                           
  1321                           ;Mainproject.c: 46:                 x = 1;
  1322     0036  1619               	bsf	25,4	;volatile
  1323     0037                     l623:
  1324                           
  1325                           ;Mainproject.c: 47:             }
  1326     0037  3001               	movlw	1
  1327     0038  00F1               	movwf	UARTSYNC@x
  1328     0039  3000               	movlw	0
  1329     003A  00F2               	movwf	UARTSYNC@x+1
  1330                           
  1331                           ;Mainproject.c: 48:             else if((PIR3bits.TXIF == 1) && (x == 1)){
  1332     003B  284D               	goto	l36
  1333     003C                     l38:	
  1334                           ;Mainproject.c: 49:                 TXMSG = 0x04;
  1335                           
  1336     003C  1E0F               	btfss	15,4	;volatile
  1337     003D  283F               	goto	u31
  1338     003E  2840               	goto	u30
  1339     003F                     u31:
  1340     003F  284D               	goto	l36
  1341     0040                     u30:
  1342     0040                     l625:
  1343     0040  0371               	decf	UARTSYNC@x,w
  1344     0041  0472               	iorwf	UARTSYNC@x+1,w
  1345     0042  1D03               	btfss	3,2
  1346     0043  2845               	goto	u41
  1347     0044  2846               	goto	u40
  1348     0045                     u41:
  1349     0045  284D               	goto	l36
  1350     0046                     u40:
  1351     0046                     l627:
  1352                           
  1353                           ;Mainproject.c: 50:                 PIE3bits.TXIE = 1;
  1354     0046  3019               	movlw	25
  1355     0047  00F4               	movwf	_TXMSG
  1356                           
  1357                           ;Mainproject.c: 51:                 x = 2;
  1358     0048  1619               	bsf	25,4	;volatile
  1359     0049                     l629:
  1360                           
  1361                           ;Mainproject.c: 52:             }
  1362     0049  3002               	movlw	2
  1363     004A  00F1               	movwf	UARTSYNC@x
  1364     004B  3000               	movlw	0
  1365     004C  00F2               	movwf	UARTSYNC@x+1
  1366     004D                     l36:	
  1367                           ;Mainproject.c: 54: }
  1368                           
  1369                           
  1370                           ;Mainproject.c: 42: 
  1371     004D  0872               	movf	UARTSYNC@x+1,w
  1372     004E  3A80               	xorlw	128
  1373     004F  00F0               	movwf	??_UARTSYNC
  1374     0050  3080               	movlw	128
  1375     0051  0270               	subwf	??_UARTSYNC,w
  1376     0052  1D03               	skipz
  1377     0053  2856               	goto	u55
  1378     0054  3002               	movlw	2
  1379     0055  0271               	subwf	UARTSYNC@x,w
  1380     0056                     u55:
  1381     0056  1C03               	skipc
  1382     0057  2859               	goto	u51
  1383     0058  285A               	goto	u50
  1384     0059                     u51:
  1385     0059  2829               	goto	l37
  1386     005A                     u50:
  1387     005A                     l42:
  1388     005A  0008               	return
  1389     005B                     __end_of_UARTSYNC:
  1390                           
  1391                           	psect	text2
  1392     005B                     __ptext2:	
  1393 ;; *************** function _GETPCUINFO *****************
  1394 ;; Defined at:
  1395 ;;		line 57 in file "Mainproject.c"
  1396 ;; Parameters:    Size  Location     Type
  1397 ;;		None
  1398 ;; Auto vars:     Size  Location     Type
  1399 ;;  x               2    1[COMMON] int 
  1400 ;; Return value:  Size  Location     Type
  1401 ;;                  1    wreg      void 
  1402 ;; Registers used:
  1403 ;;		wreg, status,2, status,0
  1404 ;; Tracked objects:
  1405 ;;		On entry : 0/0
  1406 ;;		On exit  : 0/0
  1407 ;;		Unchanged: 0/0
  1408 ;; Data sizes:     COMMON   BANK0   BANK1   BANK2   BANK3   BANK4   BANK5   BANK6   BANK7   BANK8   BANK9  BANK10  BANK1
      +1  BANK12
  1409 ;;      Params:         0       0       0       0       0       0       0       0       0       0       0       0       
      +0       0
  1410 ;;      Locals:         2       0       0       0       0       0       0       0       0       0       0       0       
      +0       0
  1411 ;;      Temps:          1       0       0       0       0       0       0       0       0       0       0       0       
      +0       0
  1412 ;;      Totals:         3       0       0       0       0       0       0       0       0       0       0       0       
      +0       0
  1413 ;;Total ram usage:        3 bytes
  1414 ;; Hardware stack levels used: 1
  1415 ;; Hardware stack levels required when called: 1
  1416 ;; This function calls:
  1417 ;;		Nothing
  1418 ;; This function is called by:
  1419 ;;		_main
  1420 ;; This function uses a non-reentrant model
  1421 ;;
  1422                           
  1423     005B                     _GETPCUINFO:	
  1424                           ;psect for function _GETPCUINFO
  1425                           
  1426     005B                     l631:	
  1427                           ;incstack = 0
  1428                           ; Regs used in _GETPCUINFO: [wreg+status,2+status,0]
  1429                           
  1430                           
  1431                           ;Mainproject.c: 59:     BAUD1CONbits.BRG16 = 1;
  1432     005B  01F1               	clrf	GETPCUINFO@x
  1433     005C  01F2               	clrf	GETPCUINFO@x+1
  1434                           
  1435                           ;Mainproject.c: 61:     SP1BRGH = 0x00;
  1436     005D  2882               	goto	l45
  1437     005E                     l46:
  1438                           
  1439                           ;Mainproject.c: 63: 
  1440     005E  002E               	movlb	14	; select bank14
  1441     005F  1E0F               	btfss	15,4	;volatile
  1442     0060  2862               	goto	u61
  1443     0061  2863               	goto	u60
  1444     0062                     u61:
  1445     0062  2871               	goto	l47
  1446     0063                     u60:
  1447     0063                     l633:
  1448     0063  0871               	movf	GETPCUINFO@x,w
  1449     0064  0472               	iorwf	GETPCUINFO@x+1,w
  1450     0065  1D03               	btfss	3,2
  1451     0066  2868               	goto	u71
  1452     0067  2869               	goto	u70
  1453     0068                     u71:
  1454     0068  2871               	goto	l47
  1455     0069                     u70:
  1456     0069                     l635:
  1457                           
  1458                           ;Mainproject.c: 64: 
  1459     0069  3001               	movlw	1
  1460     006A  00F4               	movwf	_TXMSG
  1461                           
  1462                           ;Mainproject.c: 65:     TX1STAbits.TXEN = 1;
  1463     006B  1619               	bsf	25,4	;volatile
  1464     006C                     l637:
  1465                           
  1466                           ;Mainproject.c: 66:     TX1STAbits.SYNC = 0;
  1467     006C  3001               	movlw	1
  1468     006D  00F1               	movwf	GETPCUINFO@x
  1469     006E  3000               	movlw	0
  1470     006F  00F2               	movwf	GETPCUINFO@x+1
  1471                           
  1472                           ;Mainproject.c: 67:     RC1STAbits.SPEN = 1;
  1473     0070  2882               	goto	l45
  1474     0071                     l47:	
  1475                           ;Mainproject.c: 68:     RC6PPS = 0x10;
  1476                           
  1477     0071  1E0F               	btfss	15,4	;volatile
  1478     0072  2874               	goto	u81
  1479     0073  2875               	goto	u80
  1480     0074                     u81:
  1481     0074  2882               	goto	l45
  1482     0075                     u80:
  1483     0075                     l639:
  1484     0075  0371               	decf	GETPCUINFO@x,w
  1485     0076  0472               	iorwf	GETPCUINFO@x+1,w
  1486     0077  1D03               	btfss	3,2
  1487     0078  287A               	goto	u91
  1488     0079  287B               	goto	u90
  1489     007A                     u91:
  1490     007A  2882               	goto	l45
  1491     007B                     u90:
  1492     007B                     l641:
  1493                           
  1494                           ;Mainproject.c: 69: 
  1495     007B  3004               	movlw	4
  1496     007C  00F4               	movwf	_TXMSG
  1497                           
  1498                           ;Mainproject.c: 70: 
  1499     007D  1619               	bsf	25,4	;volatile
  1500     007E                     l643:
  1501                           
  1502                           ;Mainproject.c: 71:     INTCONbits.PEIE = 1;
  1503     007E  3002               	movlw	2
  1504     007F  00F1               	movwf	GETPCUINFO@x
  1505     0080  3000               	movlw	0
  1506     0081  00F2               	movwf	GETPCUINFO@x+1
  1507     0082                     l45:	
  1508                           ;Mainproject.c: 73: 
  1509                           
  1510                           
  1511                           ;Mainproject.c: 61:     SP1BRGH = 0x00;
  1512     0082  0872               	movf	GETPCUINFO@x+1,w
  1513     0083  3A80               	xorlw	128
  1514     0084  00F0               	movwf	??_GETPCUINFO
  1515     0085  3080               	movlw	128
  1516     0086  0270               	subwf	??_GETPCUINFO,w
  1517     0087  1D03               	skipz
  1518     0088  288B               	goto	u105
  1519     0089  3002               	movlw	2
  1520     008A  0271               	subwf	GETPCUINFO@x,w
  1521     008B                     u105:
  1522     008B  1C03               	skipc
  1523     008C  288E               	goto	u101
  1524     008D  288F               	goto	u100
  1525     008E                     u101:
  1526     008E  285E               	goto	l46
  1527     008F                     u100:
  1528     008F                     l51:
  1529     008F  0008               	return
  1530     0090                     __end_of_GETPCUINFO:
  1531                           
  1532                           	psect	intentry
  1533     0004                     __pintentry:	
  1534 ;; *************** function _ISR *****************
  1535 ;; Defined at:
  1536 ;;		line 24 in file "Mainproject.c"
  1537 ;; Parameters:    Size  Location     Type
  1538 ;;		None
  1539 ;; Auto vars:     Size  Location     Type
  1540 ;;		None
  1541 ;; Return value:  Size  Location     Type
  1542 ;;                  1    wreg      void 
  1543 ;; Registers used:
  1544 ;;		wreg, status,2
  1545 ;; Tracked objects:
  1546 ;;		On entry : 0/0
  1547 ;;		On exit  : 0/0
  1548 ;;		Unchanged: 0/0
  1549 ;; Data sizes:     COMMON   BANK0   BANK1   BANK2   BANK3   BANK4   BANK5   BANK6   BANK7   BANK8   BANK9  BANK10  BANK1
      +1  BANK12
  1550 ;;      Params:         0       0       0       0       0       0       0       0       0       0       0       0       
      +0       0
  1551 ;;      Locals:         0       0       0       0       0       0       0       0       0       0       0       0       
      +0       0
  1552 ;;      Temps:          0       0       0       0       0       0       0       0       0       0       0       0       
      +0       0
  1553 ;;      Totals:         0       0       0       0       0       0       0       0       0       0       0       0       
      +0       0
  1554 ;;Total ram usage:        0 bytes
  1555 ;; Hardware stack levels used: 1
  1556 ;; This function calls:
  1557 ;;		Nothing
  1558 ;; This function is called by:
  1559 ;;		Interrupt level 1
  1560 ;; This function uses a non-reentrant model
  1561 ;;
  1562                           
  1563     0004                     _ISR:
  1564                           
  1565                           ;incstack = 0
  1566     0004  147E               	bsf	int$flags,0	;set compiler interrupt flag (level 1)
  1567                           
  1568                           ; Regs used in _ISR: [wreg+status,2]
  1569     0005  3180               	pagesel	$
  1570     0006  3000               	movlw	low ___int_sp
  1571     0007  0086               	movwf	6
  1572     0008  3000               	movlw	high ___int_sp
  1573     0009  0087               	movwf	7
  1574     000A                     i1l645:
  1575                           
  1576                           ;Mainproject.c: 26:                 PIE3bits.TXIE = 1;
  1577     000A  002E               	movlb	14	; select bank14
  1578     000B  1E0F               	btfss	15,4	;volatile
  1579     000C  280E               	goto	u11_21
  1580     000D  280F               	goto	u11_20
  1581     000E                     u11_21:
  1582     000E  2815               	goto	i1l653
  1583     000F                     u11_20:
  1584     000F                     i1l647:
  1585                           
  1586                           ;Mainproject.c: 28:             }
  1587     000F  0874               	movf	_TXMSG,w
  1588     0010  0022               	movlb	2	; select bank2
  1589     0011  009A               	movwf	26	;volatile
  1590     0012                     i1l649:
  1591                           
  1592                           ;Mainproject.c: 29:             else if((PIR3bits.TXIF == 1) && (x == 1)){
  1593     0012  01F4               	clrf	_TXMSG
  1594     0013                     i1l651:
  1595                           
  1596                           ;Mainproject.c: 30:                 TXMSG = 0x19;
  1597     0013  002E               	movlb	14	; select bank14
  1598     0014  1219               	bcf	25,4	;volatile
  1599     0015                     i1l653:
  1600                           
  1601                           ;Mainproject.c: 33:             }
  1602     0015  1E8F               	btfss	15,5	;volatile
  1603     0016  2818               	goto	u12_21
  1604     0017  2819               	goto	u12_20
  1605     0018                     u12_21:
  1606     0018  281C               	goto	i1l33
  1607     0019                     u12_20:
  1608     0019                     i1l655:
  1609                           
  1610                           ;Mainproject.c: 34:         }
  1611     0019  0022               	movlb	2	; select bank2
  1612     001A  0819               	movf	25,w	;volatile
  1613     001B  00F3               	movwf	_RXMSG
  1614     001C                     i1l33:
  1615     001C  107E               	bcf	int$flags,0	;clear compiler interrupt flag (level 1)
  1616     001D  0009               	retfie
  1617     001E                     __end_of_ISR:
  1618     0002                     ___latbits      equ	2
  1619     007E                     btemp           set	126	;btemp
  1620     007E                     int$flags       set	126
  1621     007E                     btemp0          set	126
  1622     007F                     btemp1          set	127
  1623     007E                     wtemp0          set	126
  1624     007F                     wtemp0a         set	127
  1625     007F                     ttemp0a         set	127
  1626     0080                     ltemp0a         set	128
  1627                           
  1628                           	psect	config
  1629                           
  1630                           ;Config register CONFIG1 @ 0x8007
  1631                           ;	External Oscillator mode selection bits
  1632                           ;	FEXTOSC = ECH, EC above 8MHz; PFM set to high power
  1633                           ;	Power-up default value for COSC bits
  1634                           ;	RSTOSC = HFINT32, HFINTOSC with OSCFRQ= 32 MHz and CDIV = 1:1
  1635                           ;	Clock Out Enable bit
  1636                           ;	CLKOUTEN = OFF, CLKOUT function is disabled; i/o or oscillator function on OSC2
  1637                           ;	Clock Switch Enable bit
  1638                           ;	CSWEN = ON, Writing to NOSC and NDIV is allowed
  1639                           ;	Fail-Safe Clock Monitor Enable bit
  1640                           ;	FCMEN = ON, FSCM timer enabled
  1641     8007                     	org	32775
  1642     8007  3F8F               	dw	16271
  1643                           
  1644                           ;Config register CONFIG3 @ 0x8009
  1645                           ;	WDT Period Select bits
  1646                           ;	WDTCPS = 0x1F, unprogrammed default
  1647                           ;	WDT operating mode
  1648                           ;	WDTE = OFF, WDT Disabled, SWDTEN is ignored
  1649                           ;	WDT Window Select bits
  1650                           ;	WDTCWS = 0x7, unprogrammed default
  1651                           ;	WDT input clock selector
  1652                           ;	WDTCCS = 0x7, unprogrammed default
  1653     8009                     	org	32777
  1654     8009  3F9F               	dw	16287

Data Sizes:
    Strings     0
    Constant    0
    Data        0
    BSS         2
    Persistent  48
    Stack       0

Auto Spaces:
    Space          Size  Autos    Used
    COMMON           14      3       5
    BANK0            80      0       0
    BANK1            80      0       0
    BANK2            80      0       0
    BANK3            80      0       0
    BANK4            80      0       0
    BANK5            80      0       0
    BANK6            80      0       0
    BANK7            80      0       0
    BANK8            80      0       0
    BANK9            80      0       0
    BANK10           80      0       0
    BANK11           80      0       0
    BANK12           48      0       0

Pointer List with Targets:

    None.

Critical Paths under _main in COMMON

    _main->_GETPCUINFO
    _main->_UARTSYNC

Critical Paths under _ISR in COMMON

    None.

Critical Paths under _main in BANK0

    None.

Critical Paths under _ISR in BANK0

    None.

Critical Paths under _main in BANK1

    None.

Critical Paths under _ISR in BANK1

    None.

Critical Paths under _main in BANK2

    None.

Critical Paths under _ISR in BANK2

    None.

Critical Paths under _main in BANK3

    None.

Critical Paths under _ISR in BANK3

    None.

Critical Paths under _main in BANK4

    None.

Critical Paths under _ISR in BANK4

    None.

Critical Paths under _main in BANK5

    None.

Critical Paths under _ISR in BANK5

    None.

Critical Paths under _main in BANK6

    None.

Critical Paths under _ISR in BANK6

    None.

Critical Paths under _main in BANK7

    None.

Critical Paths under _ISR in BANK7

    None.

Critical Paths under _main in BANK8

    None.

Critical Paths under _ISR in BANK8

    None.

Critical Paths under _main in BANK9

    None.

Critical Paths under _ISR in BANK9

    None.

Critical Paths under _main in BANK10

    None.

Critical Paths under _ISR in BANK10

    None.

Critical Paths under _main in BANK11

    None.

Critical Paths under _ISR in BANK11

    None.

Critical Paths under _main in BANK12

    None.

Critical Paths under _ISR in BANK12

    None.

Call Graph Tables:

 ---------------------------------------------------------------------------------
 (Depth) Function   	        Calls       Base Space   Used Autos Params    Refs
 ---------------------------------------------------------------------------------
 (0) _main                                                 0     0      0      90
                         _GETPCUINFO
                           _UARTSYNC
 ---------------------------------------------------------------------------------
 (1) _UARTSYNC                                             3     3      0      45
                                              0 COMMON     3     3      0
 ---------------------------------------------------------------------------------
 (1) _GETPCUINFO                                           3     3      0      45
                                              0 COMMON     3     3      0
 ---------------------------------------------------------------------------------
 Estimated maximum stack depth 1
 ---------------------------------------------------------------------------------
 (Depth) Function   	        Calls       Base Space   Used Autos Params    Refs
 ---------------------------------------------------------------------------------
 (2) _ISR                                                  0     0      0       0
 ---------------------------------------------------------------------------------
 Estimated maximum stack depth 2
 ---------------------------------------------------------------------------------

 Call Graph Graphs:

 _main (ROOT)
   _GETPCUINFO
   _UARTSYNC

 _ISR (ROOT)

Address spaces:
Name               Size   Autos  Total    Usage
BITCOMMON           14      0       0      0.0%
BITBANK0            80      0       0      0.0%
BITBANK1            80      0       0      0.0%
BITBANK2            80      0       0      0.0%
BITBANK3            80      0       0      0.0%
BITBANK4            80      0       0      0.0%
BITBANK5            80      0       0      0.0%
BITBANK6            80      0       0      0.0%
BITBANK7            80      0       0      0.0%
BITBANK8            80      0       0      0.0%
BITBANK9            80      0       0      0.0%
BITBANK10           80      0       0      0.0%
BITBANK11           80      0       0      0.0%
BITBANK12           48      0       0      0.0%
BIGRAM            1008      0       0      0.0%
COMMON              14      3       5     35.7%
BANK0               80      0       0      0.0%
BANK1               80      0       0      0.0%
BANK2               80      0       0      0.0%
BANK3               80      0       0      0.0%
BANK4               80      0       0      0.0%
BANK5               80      0       0      0.0%
BANK6               80      0       0      0.0%
BANK7               80      0       0      0.0%
BANK8               80      0       0      0.0%
BANK9               80      0       0      0.0%
BANK10              80      0       0      0.0%
BANK11              80      0       0      0.0%
BANK12              48      0       0      0.0%
STACK                0      0       0      0.0%
DATA                 0      0       5      0.0%


Microchip Technology PIC Macro Assembler V3.10 build 20250813170317 
Symbol Table                                                                                   Sun Feb 15 13:57:47 2026

                     l42 005A                       l51 008F                       l36 004D  
                     l45 0082                       l37 0029                       l46 005E  
                     l38 003C                       l47 0071                       l56 00A4  
                     l57 00A4                       u10 002E                       u11 002D  
                     u20 0034                       u21 0033                       u30 0040  
                     u31 003F                       u40 0046                       u41 0045  
                     u50 005A                       u51 0059                       u60 0063  
                     u61 0062                       u70 0069                       u71 0068  
                     u55 0056                       u80 0075                       u81 0074  
                     u90 007B                       u91 007A                      l621 0034  
                    l631 005B                      l623 0037                      l641 007B  
                    l633 0063                      l625 0040                      l617 0026  
                    l643 007E                      l635 0069                      l627 0046  
                    l619 002E                      l637 006C                      l629 0049  
                    l661 0094                      l639 0075                      l671 009C  
                    l663 0096                      l673 009D                      l665 0097  
                    l657 0090                      l675 009E                      l667 0098  
                    l659 0093                      l677 00A1                      l669 0099  
                    u100 008F                      u101 008E                      u105 008B  
                    _ISR 0004             _BAUD1CONbits 011F                     ?_ISR 0070  
                   i1l33 001C                     _main 0090                     fsr1h 0007  
                   fsr1l 0006                     btemp 007E                     start 001E  
                  ??_ISR 0070                    ?_main 0070                    i1l651 0013  
                  i1l653 0015                    i1l645 000A                    i1l655 0019  
                  i1l647 000F                    i1l649 0012                    u11_20 000F  
                  u11_21 000E                    u12_20 0019                    u12_21 0018  
                  _RXMSG 0073                    _TXMSG 0074         __end_of_UARTSYNC 005B  
                  btemp0 007E                    btemp1 007F                    status 0003  
                  wtemp0 007E          __initialization 0020             __end_of_main 00A7  
                 ??_main 0073                   _RC1REG 0119                   _RC6PPS 0F26  
                 _TX1REG 011A                   ltemp0a 0080                   ttemp0a 007F  
           ??_GETPCUINFO 0070                   wtemp0a 007F  __end_of__initialization 0022  
         __pcstackCOMMON 0070                ?_UARTSYNC 0070       __end_of_GETPCUINFO 0090  
             __pmaintext 0090               ??_UARTSYNC 0070               __pintentry 0004  
              UARTSYNC@x 0071                  _SP1BRGH 011C                  _SP1BRGL 011B  
                __ptext1 0026                  __ptext2 005B     end_of_initialization 0022  
    start_initialization 0020              __end_of_ISR 001E              __pbssCOMMON 0073  
              ___latbits 0002                 _PIE3bits 0719                 _PIR3bits 070F  
               _UARTSYNC 0026                 ___int_sp 0000               _GETPCUINFO 005B  
             _RC1STAbits 011D                 int$flags 007E               _INTCONbits 000B  
               intlevel1 0000              GETPCUINFO@x 0071               _TX1STAbits 011E  
            ?_GETPCUINFO 0070  
